candidate_id,rank,score,reasoning
CAND_0046525,1,0.7513,"Top-tier match — Senior Machine Learning Engineer (6.1yr total, ~6.1yr inferred AI/ML) with confirmed production ML signals in career descriptions. JD-relevant Tier-1 skills: Elasticsearch, Sentence Transformers, Qdrant. Concerns: missing JD signals: LoRA/PEFT fine-tuning, production ML deployment. Platform: open to work, preferred city, notice 60d (acceptable), response 88% (excellent)."
CAND_0046064,2,0.7482,"Top-tier match — Senior NLP Engineer (8.9yr total, ~8.8yr inferred AI/ML) with confirmed production ML signals in career descriptions. JD-relevant Tier-1 skills: Pinecone, BM25, OpenSearch. Concerns: no major red flags. Platform: open to work, India-based, notice 30d (ideal), response 78% (excellent)."
CAND_0005260,3,0.7350,"Top-tier match — Senior NLP Engineer (5.2yr total, ~5.1yr inferred AI/ML) with confirmed production ML signals in career descriptions. JD-relevant Tier-1 skills: LoRA, RAG. Concerns: no major red flags. Platform: not marked open-to-work, India-based, notice 60d (acceptable), response 86% (excellent)."
CAND_0071974,4,0.7340,"Top-tier match — Senior AI Engineer (7.8yr total, ~7.7yr inferred AI/ML) with confirmed production ML signals in career descriptions. JD-relevant Tier-1 skills: LoRA, Learning to Rank, Weaviate. Concerns: no major red flags. Platform: open to work, India-based, notice 45d (acceptable), response 76% (excellent)."
CAND_0094759,5,0.7204,"Top-tier match — Lead AI Engineer (8.6yr total, ~5.0yr inferred AI/ML) with confirmed production ML signals in career descriptions. JD-relevant Tier-1 skills: Learning to Rank, Qdrant, Fine-tuning LLMs. Concerns: inactive for 171d (significant staleness risk); response rate 11% (low — outreach may be difficult). Platform: not marked open-to-work, India-based, notice 30d (ideal), response 11% (low — outreach may be difficult)."
CAND_0011687,6,0.7187,"Strong match — Senior NLP Engineer (7.8yr total, ~7.7yr inferred AI/ML) with confirmed production ML signals in career descriptions. JD-relevant Tier-1 skills: OpenSearch, FAISS, PEFT. Concerns: no major red flags. Platform: open to work, India-based, notice 15d (immediately joinable), response 89% (excellent)."
CAND_0009691,7,0.7140,"Strong match — Applied ML Engineer (6.2yr total, ~6.1yr inferred AI/ML) with confirmed production ML signals in career descriptions. JD-relevant Tier-1 skills: Fine-tuning LLMs, LoRA, Pinecone. Concerns: notice period 120d (high — JD notes bar rises above 90d); missing JD signals: NDCG/MAP/MRR evaluation, hybrid retrieval (BM25+dense). Platform: open to work, India-based, notice 120d (high — JD notes bar rises above 90d), response 64% (good)."
CAND_0087630,8,0.7093,"Strong match — AI Engineer (7.2yr total, ~7.1yr inferred AI/ML) with confirmed production ML signals in career descriptions. JD-relevant Tier-1 skills: Elasticsearch, Learning to Rank, QLoRA. Concerns: inactive for 104d (significant staleness risk); missing JD signals: FAISS/Qdrant/Weaviate, NDCG/MAP/MRR evaluation, production ML deployment. Platform: not marked open-to-work, India-based, notice 30d (ideal), response 45% (moderate)."
CAND_0060072,9,0.7040,"Strong match — Staff Machine Learning Engineer (5.7yr total, ~5.7yr inferred AI/ML) with confirmed production ML signals in career descriptions. JD-relevant Tier-1 skills: Sentence Transformers, Milvus, Fine-tuning LLMs. Concerns: inactive for 155d (significant staleness risk); response rate 10% (low — outreach may be difficult). Platform: not marked open-to-work, India-based, notice 90d (workable), response 10% (low — outreach may be difficult)."
CAND_0009024,10,0.7035,"Strong match — Search Engineer (5.2yr total, ~5.1yr inferred AI/ML) with confirmed production ML signals in career descriptions. JD-relevant Tier-1 skills: Qdrant, PEFT, FAISS. Concerns: missing JD signals: NDCG/MAP/MRR evaluation, hybrid retrieval (BM25+dense). Platform: open to work, India-based, notice 30d (ideal), response 46% (moderate)."
CAND_0050876,11,0.7014,"Strong match — Applied ML Engineer (6.0yr total, ~5.9yr inferred AI/ML) with confirmed production ML signals in career descriptions. JD-relevant Tier-1 skills: Qdrant, FAISS, OpenSearch. Concerns: missing JD signals: NDCG/MAP/MRR evaluation, hybrid retrieval (BM25+dense). Platform: open to work, India-based, notice 90d (workable), response 67% (good)."
CAND_0054123,12,0.7001,"Strong match — Applied ML Engineer (4.7yr total, ~4.6yr inferred AI/ML) with confirmed production ML signals in career descriptions. JD-relevant Tier-1 skills: Weaviate, Qdrant, Vector Search. Concerns: missing JD signals: NDCG/MAP/MRR evaluation, production ML deployment. Platform: not marked open-to-work, India-based, notice 60d (acceptable), response 87% (excellent)."
CAND_0026532,13,0.6931,"Strong match — Recommendation Systems Engineer (4.8yr total, ~4.7yr inferred AI/ML) with confirmed production ML signals in career descriptions. JD-relevant Tier-1 skills: LoRA, PEFT, Pinecone. Concerns: inactive for 92d (significant staleness risk); missing JD signals: NDCG/MAP/MRR evaluation. Platform: open to work, India-based, notice 90d (workable), response 52% (good)."
CAND_0007411,14,0.6922,"Strong match — Senior Machine Learning Engineer (8.0yr total, ~7.9yr inferred AI/ML) with confirmed production ML signals in career descriptions. JD-relevant Tier-1 skills: OpenSearch, Fine-tuning LLMs, Vector Search. Concerns: inactive for 208d (significant staleness risk); response rate 12% (low — outreach may be difficult). Platform: not marked open-to-work, India-based, notice 15d (immediately joinable), response 12% (low — outreach may be difficult)."
CAND_0041669,15,0.6902,"Strong match — Recommendation Systems Engineer (8.0yr total, ~7.9yr inferred AI/ML) with confirmed production ML signals in career descriptions. JD-relevant Tier-1 skills: FAISS, Milvus, PEFT. Concerns: no major red flags. Platform: open to work, preferred city, notice 60d (acceptable), response 77% (excellent)."
CAND_0064904,16,0.6887,"Good match — AI Engineer (4.9yr total, ~4.8yr inferred AI/ML) with confirmed production ML signals in career descriptions. JD-relevant Tier-1 skills: Elasticsearch, Weaviate, Vector Search. Concerns: inactive for 103d (significant staleness risk); missing JD signals: NDCG/MAP/MRR evaluation, LoRA/PEFT fine-tuning, hybrid retrieval (BM25+dense). Platform: open to work, India-based, notice 90d (workable), response 78% (excellent)."
CAND_0047721,17,0.6884,"Good match — Senior Data Scientist (7.0yr total, ~7.0yr inferred AI/ML) with confirmed production ML signals in career descriptions. JD-relevant Tier-1 skills: Learning to Rank, Milvus, BM25. Concerns: missing JD signals: NDCG/MAP/MRR evaluation, LoRA/PEFT fine-tuning. Platform: not marked open-to-work, India-based, notice 90d (workable), response 49% (moderate)."
CAND_0041610,18,0.6810,"Good match — Recommendation Systems Engineer (6.7yr total, ~6.6yr inferred AI/ML) with confirmed production ML signals in career descriptions. JD-relevant Tier-1 skills: LoRA, Elasticsearch, OpenSearch. Concerns: missing JD signals: FAISS/Qdrant/Weaviate, hybrid retrieval (BM25+dense). Platform: open to work, India-based, notice 30d (ideal), response 52% (good)."
CAND_0058688,19,0.6805,"Good match — AI Engineer (6.7yr total, ~6.7yr inferred AI/ML) with confirmed production ML signals in career descriptions. JD-relevant Tier-1 skills: Milvus, QLoRA. Concerns: inactive for 92d (significant staleness risk); missing JD signals: FAISS/Qdrant/Weaviate, NDCG/MAP/MRR evaluation. Platform: open to work, non-India (Berlin, Germany), notice 15d (immediately joinable), response 74% (good)."
CAND_0030953,20,0.6776,"Good match — Search Engineer (7.8yr total, ~7.7yr inferred AI/ML) with confirmed production ML signals in career descriptions. JD-relevant Tier-1 skills: Learning to Rank, Qdrant, Weaviate. Concerns: missing JD signals: LoRA/PEFT fine-tuning. Platform: not marked open-to-work, India-based, notice 45d (acceptable), response 63% (good)."
CAND_0027801,21,0.6767,"Good match — NLP Engineer (7.4yr total, ~7.2yr inferred AI/ML) with confirmed production ML signals in career descriptions. JD-relevant Tier-1 skills: FAISS, Milvus, QLoRA. Concerns: notice period 120d (high — JD notes bar rises above 90d); missing JD signals: NDCG/MAP/MRR evaluation. Platform: open to work, India-based, notice 120d (high — JD notes bar rises above 90d), response 65% (good)."
CAND_0015528,22,0.6765,"Good match — Applied ML Engineer (7.4yr total, ~7.2yr inferred AI/ML) with confirmed production ML signals in career descriptions. JD-relevant Tier-1 skills: Weaviate, OpenSearch, LoRA. Concerns: missing JD signals: NDCG/MAP/MRR evaluation. Platform: not marked open-to-work, India-based, notice 30d (ideal), response 53% (good)."
CAND_0027691,23,0.6764,"Good match — NLP Engineer (6.5yr total, ~6.3yr inferred AI/ML) with confirmed production ML signals in career descriptions. JD-relevant Tier-1 skills: LoRA, PEFT, Weaviate. Concerns: missing JD signals: NDCG/MAP/MRR evaluation. Platform: open to work, preferred city, notice 15d (immediately joinable), response 68% (good)."
CAND_0024466,24,0.6759,"Good match — Search Engineer (5.2yr total, ~5.2yr inferred AI/ML) with confirmed production ML signals in career descriptions. JD-relevant Tier-1 skills: BM25, Fine-tuning LLMs, LoRA. Concerns: notice period 120d (high — JD notes bar rises above 90d); missing JD signals: FAISS/Qdrant/Weaviate, NDCG/MAP/MRR evaluation, hybrid retrieval (BM25+dense). Platform: open to work, non-India (Toronto, Canada), notice 120d (high — JD notes bar rises above 90d), response 47% (moderate)."
CAND_0028793,25,0.6758,"Good match — Search Engineer (7.2yr total, ~7.1yr inferred AI/ML) with confirmed production ML signals in career descriptions. JD-relevant Tier-1 skills: LoRA, Learning to Rank, PEFT. Concerns: notice period 120d (high — JD notes bar rises above 90d). Platform: open to work, India-based, notice 120d (high — JD notes bar rises above 90d), response 57% (good)."
CAND_0061655,26,0.6757,"Good match — Machine Learning Engineer (4.6yr total, ~4.5yr inferred AI/ML) with confirmed production ML signals in career descriptions. JD-relevant Tier-1 skills: PEFT, Pinecone, Qdrant. Concerns: missing JD signals: NDCG/MAP/MRR evaluation, production ML deployment, hybrid retrieval (BM25+dense). Platform: not marked open-to-work, India-based, notice 15d (immediately joinable), response 88% (excellent)."
CAND_0049896,27,0.6750,"Good match — Search Engineer (7.3yr total, ~7.2yr inferred AI/ML) with confirmed production ML signals in career descriptions. JD-relevant Tier-1 skills: Sentence Transformers, Fine-tuning LLMs, Vector Search. Concerns: missing JD signals: FAISS/Qdrant/Weaviate. Platform: open to work, India-based, notice 90d (workable), response 43% (moderate)."
CAND_0010257,28,0.6743,"Good match — Senior Data Scientist (6.5yr total, ~6.4yr inferred AI/ML) with confirmed production ML signals in career descriptions. JD-relevant Tier-1 skills: Milvus, OpenSearch, Qdrant. Concerns: notice period 120d (high — JD notes bar rises above 90d); missing JD signals: NDCG/MAP/MRR evaluation, LoRA/PEFT fine-tuning, hybrid retrieval (BM25+dense). Platform: open to work, preferred city, notice 120d (high — JD notes bar rises above 90d), response 72% (good)."
CAND_0086151,29,0.6742,"Good match — Recommendation Systems Engineer (7.7yr total, ~7.6yr inferred AI/ML) with confirmed production ML signals in career descriptions. JD-relevant Tier-1 skills: Qdrant, OpenSearch, PEFT. Concerns: inactive for 97d (significant staleness risk); notice period 120d (high — JD notes bar rises above 90d). Platform: open to work, India-based, notice 120d (high — JD notes bar rises above 90d), response 52% (good)."
CAND_0012957,30,0.6730,"Good match — Search Engineer (4.9yr total, ~4.8yr inferred AI/ML) with confirmed production ML signals in career descriptions. JD-relevant Tier-1 skills: RAG, PEFT, BM25. Concerns: notice period 120d (high — JD notes bar rises above 90d); missing JD signals: NDCG/MAP/MRR evaluation, hybrid retrieval (BM25+dense). Platform: not marked open-to-work, India-based, notice 120d (high — JD notes bar rises above 90d), response 67% (good)."
CAND_0058575,31,0.6730,"Moderate match — AI Engineer (5.8yr total, ~5.8yr inferred AI/ML) with confirmed production ML signals in career descriptions. JD-relevant Tier-1 skills: Pinecone, Sentence Transformers. Concerns: missing JD signals: LoRA/PEFT fine-tuning. Platform: open to work, India-based, notice 90d (workable), response 69% (good)."
CAND_0030031,32,0.6727,"Moderate match — AI Engineer (5.7yr total, ~5.6yr inferred AI/ML) with confirmed production ML signals in career descriptions. JD-relevant Tier-1 skills: RAG, LoRA, QLoRA. Concerns: missing JD signals: FAISS/Qdrant/Weaviate, NDCG/MAP/MRR evaluation. Platform: not marked open-to-work, India-based, notice 30d (ideal), response 94% (excellent)."
CAND_0065878,33,0.6726,"Moderate match — Senior Data Scientist (7.8yr total, ~7.7yr inferred AI/ML) with confirmed production ML signals in career descriptions. JD-relevant Tier-1 skills: RAG, QLoRA, Vector Search. Concerns: inactive for 97d (significant staleness risk); missing JD signals: FAISS/Qdrant/Weaviate, NDCG/MAP/MRR evaluation, hybrid retrieval (BM25+dense). Platform: open to work, India-based, notice 15d (immediately joinable), response 48% (moderate)."
CAND_0055905,34,0.6719,"Moderate match — Senior Machine Learning Engineer (8.1yr total, ~8.0yr inferred AI/ML) with confirmed production ML signals in career descriptions. JD-relevant Tier-1 skills: Elasticsearch, OpenSearch, Fine-tuning LLMs. Concerns: no major red flags. Platform: open to work, non-India (London, UK), notice 30d (ideal), response 87% (excellent)."
CAND_0060054,35,0.6708,"Moderate match — AI Engineer (6.4yr total, ~6.3yr inferred AI/ML) with confirmed production ML signals in career descriptions. JD-relevant Tier-1 skills: Weaviate, FAISS, Elasticsearch. Concerns: inactive for 103d (significant staleness risk); missing JD signals: NDCG/MAP/MRR evaluation, LoRA/PEFT fine-tuning, production ML deployment. Platform: not marked open-to-work, India-based, notice 15d (immediately joinable), response 86% (excellent)."
CAND_0043228,36,0.6704,"Moderate match — Applied ML Engineer (6.8yr total, ~6.7yr inferred AI/ML) with confirmed production ML signals in career descriptions. JD-relevant Tier-1 skills: Vector Search, Sentence Transformers, Weaviate. Concerns: missing JD signals: NDCG/MAP/MRR evaluation, LoRA/PEFT fine-tuning. Platform: not marked open-to-work, India-based, notice 30d (ideal), response 41% (moderate)."
CAND_0069905,37,0.6692,"Moderate match — Applied ML Engineer with 6.6yr total experience and ~6.5yr inferred in ML/AI work. JD-relevant Tier-1 skills: LoRA, Sentence Transformers, Weaviate. Concerns: no major red flags. Platform: open to work, India-based, notice 90d (workable), response 78% (excellent)."
CAND_0052328,38,0.6674,"Moderate match — Recommendation Systems Engineer (6.5yr total, ~6.4yr inferred AI/ML) with confirmed production ML signals in career descriptions. JD-relevant Tier-1 skills: LoRA, OpenSearch, QLoRA. Concerns: missing JD signals: FAISS/Qdrant/Weaviate, hybrid retrieval (BM25+dense). Platform: open to work, preferred city, notice 30d (ideal), response 79% (excellent)."
CAND_0062247,39,0.6664,"Moderate match — AI Engineer with 7.3yr total experience and ~7.2yr inferred in ML/AI work. JD-relevant Tier-1 skills: Pinecone, Vector Search, Qdrant. Concerns: missing JD signals: NDCG/MAP/MRR evaluation, production ML deployment. Platform: open to work, India-based, notice 30d (ideal), response 78% (excellent)."
CAND_0036184,40,0.6663,"Moderate match — Recommendation Systems Engineer with 6.0yr total experience and ~5.9yr inferred in ML/AI work. JD-relevant Tier-1 skills: QLoRA, FAISS, Vector Search. Concerns: missing JD signals: NDCG/MAP/MRR evaluation. Platform: open to work, India-based, notice 30d (ideal), response 90% (excellent)."
CAND_0030348,41,0.6662,"Moderate match — Machine Learning Engineer (4.5yr total, ~4.4yr inferred AI/ML) with confirmed production ML signals in career descriptions. JD-relevant Tier-1 skills: Vector Search, Elasticsearch. Concerns: missing JD signals: NDCG/MAP/MRR evaluation, LoRA/PEFT fine-tuning. Platform: open to work, preferred city, notice 45d (acceptable), response 54% (good)."
CAND_0031593,42,0.6662,"Moderate match — Search Engineer (7.8yr total, ~7.7yr inferred AI/ML) with confirmed production ML signals in career descriptions. JD-relevant Tier-1 skills: BM25, Elasticsearch. Concerns: inactive for 101d (significant staleness risk); missing JD signals: FAISS/Qdrant/Weaviate, LoRA/PEFT fine-tuning, hybrid retrieval (BM25+dense). Platform: open to work, India-based, notice 90d (workable), response 58% (good)."
CAND_0098846,43,0.6640,"Moderate match — AI Engineer (7.6yr total, ~7.5yr inferred AI/ML) with confirmed production ML signals in career descriptions. JD-relevant Tier-1 skills: PEFT, QLoRA, Qdrant. Concerns: missing JD signals: hybrid retrieval (BM25+dense). Platform: open to work, India-based, notice 45d (acceptable), response 62% (good)."
CAND_0044222,44,0.6631,"Moderate match — AI Engineer (7.7yr total, ~7.7yr inferred AI/ML) with confirmed production ML signals in career descriptions. JD-relevant Tier-1 skills: Vector Search, OpenSearch, Qdrant. Concerns: missing JD signals: NDCG/MAP/MRR evaluation, production ML deployment. Platform: open to work, India-based, notice 60d (acceptable), response 60% (good)."
CAND_0075439,45,0.6627,"Moderate match — Machine Learning Engineer (4.3yr total, ~4.2yr inferred AI/ML) with confirmed production ML signals in career descriptions. JD-relevant Tier-1 skills: Learning to Rank, LoRA, Elasticsearch. Concerns: missing JD signals: FAISS/Qdrant/Weaviate. Platform: not marked open-to-work, India-based, notice 30d (ideal), response 56% (good)."
CAND_0064326,46,0.6626,"Moderate match — Search Engineer (7.6yr total, ~7.6yr inferred AI/ML) with confirmed production ML signals in career descriptions. JD-relevant Tier-1 skills: Milvus, Weaviate, RAG. Concerns: missing JD signals: hybrid retrieval (BM25+dense). Platform: open to work, India-based, notice 45d (acceptable), response 94% (excellent)."
CAND_0096142,47,0.6610,"Moderate match — Applied ML Engineer (5.0yr total, ~5.0yr inferred AI/ML) with confirmed production ML signals in career descriptions. JD-relevant Tier-1 skills: LoRA, Weaviate, Pinecone. Concerns: notice period 120d (high — JD notes bar rises above 90d); missing JD signals: NDCG/MAP/MRR evaluation, hybrid retrieval (BM25+dense). Platform: open to work, India-based, notice 120d (high — JD notes bar rises above 90d), response 84% (excellent)."
CAND_0079284,48,0.6609,"Moderate match — Machine Learning Engineer (4.9yr total, ~4.8yr inferred AI/ML) with confirmed production ML signals in career descriptions. JD-relevant Tier-1 skills: QLoRA, Qdrant, Fine-tuning LLMs. Concerns: missing JD signals: NDCG/MAP/MRR evaluation, production ML deployment, hybrid retrieval (BM25+dense). Platform: not marked open-to-work, India-based, notice 30d (ideal), response 79% (excellent)."
CAND_0081852,49,0.6593,"Moderate match — Senior Data Scientist (5.9yr total, ~5.8yr inferred AI/ML) with confirmed production ML signals in career descriptions. JD-relevant Tier-1 skills: Milvus, Weaviate, Vector Search. Concerns: missing JD signals: hybrid retrieval (BM25+dense). Platform: open to work, preferred city, notice 45d (acceptable), response 44% (moderate)."
CAND_0093912,50,0.6591,"Moderate match — Senior Data Scientist with 5.3yr total experience and ~5.2yr inferred in ML/AI work. JD-relevant Tier-1 skills: Milvus, Vector Search, Learning to Rank. Concerns: missing JD signals: NDCG/MAP/MRR evaluation, LoRA/PEFT fine-tuning, production ML deployment. Platform: open to work, India-based, notice 30d (ideal), response 66% (good)."
CAND_0039383,51,0.6590,"Moderate match — Applied ML Engineer (7.1yr total, ~7.0yr inferred AI/ML) with confirmed production ML signals in career descriptions. JD-relevant Tier-1 skills: FAISS, QLoRA, LoRA. Concerns: inactive for 101d (significant staleness risk); missing JD signals: NDCG/MAP/MRR evaluation. Platform: open to work, India-based, notice 90d (workable), response 61% (good)."
CAND_0051292,52,0.6590,"Moderate match — Applied ML Engineer with 5.2yr total experience and ~5.0yr inferred in ML/AI work. JD-relevant Tier-1 skills: FAISS, Vector Search, PEFT. Concerns: no major red flags. Platform: open to work, India-based, notice 30d (ideal), response 52% (good)."
CAND_0010685,53,0.6587,"Moderate match — NLP Engineer (6.7yr total, ~6.6yr inferred AI/ML) with confirmed production ML signals in career descriptions. JD-relevant Tier-1 skills: Elasticsearch, RAG. Concerns: inactive for 104d (significant staleness risk); missing JD signals: NDCG/MAP/MRR evaluation, LoRA/PEFT fine-tuning. Platform: open to work, India-based, notice 30d (ideal), response 83% (excellent)."
CAND_0076251,54,0.6586,"Moderate match — Search Engineer (7.6yr total, ~7.6yr inferred AI/ML) with confirmed production ML signals in career descriptions. JD-relevant Tier-1 skills: Fine-tuning LLMs, Weaviate, Learning to Rank. Concerns: missing JD signals: NDCG/MAP/MRR evaluation. Platform: open to work, India-based, notice 60d (acceptable), response 51% (good)."
CAND_0093547,55,0.6573,"Moderate match — Senior Machine Learning Engineer (2.9yr total, ~6.2yr inferred AI/ML) with confirmed production ML signals in career descriptions. JD-relevant Tier-1 skills: RAG, QLoRA, PEFT. Concerns: missing JD signals: sentence-transformers/embeddings. Platform: not marked open-to-work, India-based, notice 60d (acceptable), response 75% (excellent)."
CAND_0055992,56,0.6570,"Moderate match — AI Engineer (16.9yr total, ~6.7yr inferred AI/ML) with confirmed production ML signals in career descriptions. JD-relevant Tier-1 skills: FAISS, RAG, OpenSearch. Concerns: inactive for 92d (significant staleness risk). Platform: open to work, non-India (Sydney, Australia), notice 60d (acceptable), response 72% (good)."
CAND_0099401,57,0.6566,"Moderate match — NLP Engineer (7.7yr total, ~7.5yr inferred AI/ML) with confirmed production ML signals in career descriptions. JD-relevant Tier-1 skills: BM25, Qdrant. Concerns: missing JD signals: NDCG/MAP/MRR evaluation, LoRA/PEFT fine-tuning. Platform: not marked open-to-work, India-based, notice 90d (workable), response 42% (moderate)."
CAND_0039838,58,0.6562,"Moderate match — Recommendation Systems Engineer (4.9yr total, ~4.8yr inferred AI/ML) with confirmed production ML signals in career descriptions. JD-relevant Tier-1 skills: LoRA, RAG, Milvus. Concerns: missing JD signals: FAISS/Qdrant/Weaviate, NDCG/MAP/MRR evaluation, hybrid retrieval (BM25+dense). Platform: open to work, India-based, notice 90d (workable), response 80% (excellent)."
CAND_0014440,59,0.6554,"Moderate match — Recommendation Systems Engineer (6.4yr total, ~6.3yr inferred AI/ML) with confirmed production ML signals in career descriptions. JD-relevant Tier-1 skills: Elasticsearch, Milvus, FAISS. Concerns: missing JD signals: sentence-transformers/embeddings, NDCG/MAP/MRR evaluation, hybrid retrieval (BM25+dense). Platform: open to work, India-based, notice 60d (acceptable), response 64% (good)."
CAND_0018722,60,0.6548,"Moderate match — Recommendation Systems Engineer with 6.6yr total experience and ~6.5yr inferred in ML/AI work. JD-relevant Tier-1 skills: Weaviate, PEFT. Concerns: missing JD signals: NDCG/MAP/MRR evaluation, production ML deployment. Platform: open to work, non-India (Toronto, Canada), notice 90d (workable), response 79% (excellent)."
CAND_0020708,61,0.6532,"Marginal match — Search Engineer with 4.2yr total experience and ~4.2yr inferred in ML/AI work. JD-relevant Tier-1 skills: Learning to Rank, Elasticsearch, Fine-tuning LLMs. Concerns: inactive for 95d (significant staleness risk); missing JD signals: NDCG/MAP/MRR evaluation, production ML deployment. Platform: open to work, India-based, notice 30d (ideal), response 84% (excellent)."
CAND_0020350,62,0.6514,"Marginal match — AI Engineer (5.8yr total, ~5.8yr inferred AI/ML) with confirmed production ML signals in career descriptions. JD-relevant Tier-1 skills: LoRA, PEFT, FAISS. Concerns: missing JD signals: sentence-transformers/embeddings, NDCG/MAP/MRR evaluation, hybrid retrieval (BM25+dense). Platform: open to work, India-based, notice 30d (ideal), response 58% (good)."
CAND_0016163,63,0.6513,"Marginal match — Applied ML Engineer (6.7yr total, ~6.6yr inferred AI/ML) with confirmed production ML signals in career descriptions. JD-relevant Tier-1 skills: Weaviate, LoRA, Pinecone. Concerns: notice period 120d (high — JD notes bar rises above 90d); missing JD signals: NDCG/MAP/MRR evaluation. Platform: open to work, India-based, notice 120d (high — JD notes bar rises above 90d), response 72% (good)."
CAND_0051004,64,0.6504,"Marginal match — Senior Data Scientist with 4.7yr total experience and ~4.7yr inferred in ML/AI work. JD-relevant Tier-1 skills: Qdrant, PEFT, Fine-tuning LLMs. Concerns: missing JD signals: hybrid retrieval (BM25+dense). Platform: open to work, preferred city, notice 15d (immediately joinable), response 41% (moderate)."
CAND_0011162,65,0.6492,"Marginal match — Recommendation Systems Engineer (5.8yr total, ~3.6yr inferred AI/ML) with confirmed production ML signals in career descriptions. JD-relevant Tier-1 skills: FAISS, Vector Search, LoRA. Concerns: missing JD signals: NDCG/MAP/MRR evaluation, hybrid retrieval (BM25+dense). Platform: open to work, India-based, notice 90d (workable), response 75% (excellent)."
CAND_0036437,66,0.6474,"Marginal match — Search Engineer (4.8yr total, ~4.7yr inferred AI/ML) with confirmed production ML signals in career descriptions. JD-relevant Tier-1 skills: OpenSearch, Elasticsearch, Sentence Transformers. Concerns: missing JD signals: sentence-transformers/embeddings, NDCG/MAP/MRR evaluation, LoRA/PEFT fine-tuning. Platform: not marked open-to-work, India-based, notice 30d (ideal), response 87% (excellent)."
CAND_0079064,67,0.6469,"Marginal match — Senior Data Scientist with 5.2yr total experience and ~5.2yr inferred in ML/AI work. JD-relevant Tier-1 skills: OpenSearch, Fine-tuning LLMs, Pinecone. Concerns: notice period 120d (high — JD notes bar rises above 90d). Platform: open to work, preferred city, notice 120d (high — JD notes bar rises above 90d), response 91% (excellent)."
CAND_0065195,68,0.6467,"Marginal match — Search Engineer (5.1yr total, ~5.1yr inferred AI/ML) with confirmed production ML signals in career descriptions. JD-relevant Tier-1 skills: QLoRA, Elasticsearch, Qdrant. Concerns: missing JD signals: hybrid retrieval (BM25+dense). Platform: open to work, India-based, notice 45d (acceptable), response 80% (excellent)."
CAND_0078002,69,0.6462,"Marginal match — Machine Learning Engineer (6.3yr total, ~6.2yr inferred AI/ML) with confirmed production ML signals in career descriptions. JD-relevant Tier-1 skills: Weaviate, QLoRA. Concerns: missing JD signals: NDCG/MAP/MRR evaluation, hybrid retrieval (BM25+dense). Platform: open to work, India-based, notice 60d (acceptable), response 86% (excellent)."
CAND_0042029,70,0.6461,"Marginal match — Senior Data Scientist (6.5yr total, ~6.5yr inferred AI/ML) with confirmed production ML signals in career descriptions. JD-relevant Tier-1 skills: RAG, Elasticsearch, OpenSearch. Concerns: missing JD signals: LoRA/PEFT fine-tuning, hybrid retrieval (BM25+dense). Platform: not marked open-to-work, preferred city, notice 45d (acceptable), response 67% (good)."
CAND_0007412,71,0.6460,"Marginal match — Applied ML Engineer (7.4yr total, ~5.7yr inferred AI/ML) with confirmed production ML signals in career descriptions. JD-relevant Tier-1 skills: Pinecone, Milvus, BM25. Concerns: notice period 120d (high — JD notes bar rises above 90d); missing JD signals: FAISS/Qdrant/Weaviate, LoRA/PEFT fine-tuning, hybrid retrieval (BM25+dense). Platform: open to work, preferred city, notice 120d (high — JD notes bar rises above 90d), response 76% (excellent)."
CAND_0037566,72,0.6452,"Marginal match — Machine Learning Engineer with 6.9yr total experience and ~6.8yr inferred in ML/AI work. JD-relevant Tier-1 skills: Pinecone, LoRA, QLoRA. Concerns: missing JD signals: FAISS/Qdrant/Weaviate, hybrid retrieval (BM25+dense). Platform: open to work, India-based, notice 15d (immediately joinable), response 50% (good)."
CAND_0053695,73,0.6445,"Marginal match — Recommendation Systems Engineer (5.8yr total, ~4.0yr inferred AI/ML) with confirmed production ML signals in career descriptions. JD-relevant Tier-1 skills: Pinecone, Sentence Transformers. Concerns: missing JD signals: NDCG/MAP/MRR evaluation, LoRA/PEFT fine-tuning. Platform: open to work, India-based, notice 15d (immediately joinable), response 60% (good)."
CAND_0076163,74,0.6443,"Marginal match — NLP Engineer with 6.9yr total experience and ~6.8yr inferred in ML/AI work. JD-relevant Tier-1 skills: Weaviate, BM25, Sentence Transformers. Concerns: missing JD signals: sentence-transformers/embeddings, NDCG/MAP/MRR evaluation, LoRA/PEFT fine-tuning. Platform: open to work, India-based, notice 60d (acceptable), response 84% (excellent)."
CAND_0017960,75,0.6437,"Marginal match — Recommendation Systems Engineer (7.7yr total, ~3.1yr inferred AI/ML) with confirmed production ML signals in career descriptions. JD-relevant Tier-1 skills: QLoRA, Qdrant, PEFT. Concerns: no major red flags. Platform: open to work, India-based, notice 60d (acceptable), response 72% (good)."
CAND_0011432,76,0.6403,"Marginal match — Senior Data Scientist (7.6yr total, ~7.5yr inferred AI/ML) with confirmed production ML signals in career descriptions. JD-relevant Tier-1 skills: OpenSearch, PEFT, QLoRA. Concerns: inactive for 104d (significant staleness risk); missing JD signals: FAISS/Qdrant/Weaviate, hybrid retrieval (BM25+dense). Platform: open to work, India-based, notice 60d (acceptable), response 67% (good)."
CAND_0089546,77,0.6394,"Marginal match — Machine Learning Engineer (4.8yr total, ~4.8yr inferred AI/ML) with confirmed production ML signals in career descriptions. JD-relevant Tier-1 skills: LoRA, QLoRA, BM25. Concerns: missing JD signals: sentence-transformers/embeddings, NDCG/MAP/MRR evaluation, hybrid retrieval (BM25+dense). Platform: not marked open-to-work, India-based, notice 90d (workable), response 64% (good)."
CAND_0036863,78,0.6393,"Marginal match — Senior Data Scientist with 4.3yr total experience and ~4.2yr inferred in ML/AI work. JD-relevant Tier-1 skills: Qdrant, OpenSearch, BM25. Concerns: missing JD signals: hybrid retrieval (BM25+dense). Platform: open to work, India-based, notice 60d (acceptable), response 46% (moderate)."
CAND_0087364,79,0.6375,"Marginal match — Recommendation Systems Engineer (4.9yr total, ~3.8yr inferred AI/ML) with confirmed production ML signals in career descriptions. JD-relevant Tier-1 skills: Qdrant, Milvus, Pinecone. Concerns: missing JD signals: sentence-transformers/embeddings, NDCG/MAP/MRR evaluation, LoRA/PEFT fine-tuning. Platform: not marked open-to-work, India-based, notice 30d (ideal), response 48% (moderate)."
CAND_0066999,80,0.6367,"Marginal match — Recommendation Systems Engineer (5.9yr total, ~5.8yr inferred AI/ML) with confirmed production ML signals in career descriptions. JD-relevant Tier-1 skills: OpenSearch, FAISS, Pinecone. Concerns: missing JD signals: NDCG/MAP/MRR evaluation, LoRA/PEFT fine-tuning. Platform: open to work, preferred city, notice 15d (immediately joinable), response 63% (good)."
CAND_0061339,81,0.6354,"Marginal match — Search Engineer (4.2yr total, ~4.1yr inferred AI/ML) with confirmed production ML signals in career descriptions. JD-relevant Tier-1 skills: Milvus, Vector Search, OpenSearch. Concerns: missing JD signals: FAISS/Qdrant/Weaviate, NDCG/MAP/MRR evaluation, LoRA/PEFT fine-tuning. Platform: open to work, India-based, notice 90d (workable), response 90% (excellent)."
CAND_0070485,82,0.6350,"Marginal match — Search Engineer with 6.4yr total experience and ~6.3yr inferred in ML/AI work. JD-relevant Tier-1 skills: PEFT, FAISS, QLoRA. Concerns: notice period 120d (high — JD notes bar rises above 90d); missing JD signals: NDCG/MAP/MRR evaluation, production ML deployment. Platform: open to work, India-based, notice 120d (high — JD notes bar rises above 90d), response 45% (moderate)."
CAND_0015578,83,0.6335,"Marginal match — AI Engineer with 5.4yr total experience and ~5.3yr inferred in ML/AI work. JD-relevant Tier-1 skills: BM25, Sentence Transformers, Pinecone. Concerns: missing JD signals: hybrid retrieval (BM25+dense). Platform: open to work, preferred city, notice 90d (workable), response 65% (good)."
CAND_0003977,84,0.6314,"Marginal match — Recommendation Systems Engineer with 4.6yr total experience and ~4.6yr inferred in ML/AI work. JD-relevant Tier-1 skills: Learning to Rank. Concerns: inactive for 102d (significant staleness risk); missing JD signals: NDCG/MAP/MRR evaluation, LoRA/PEFT fine-tuning, production ML deployment. Platform: not marked open-to-work, preferred city, notice 45d (acceptable), response 55% (good)."
CAND_0051615,85,0.6295,"Marginal match — Search Engineer with 4.6yr total experience and ~4.5yr inferred in ML/AI work. JD-relevant Tier-1 skills: RAG, Milvus, Sentence Transformers. Concerns: inactive for 107d (significant staleness risk); missing JD signals: FAISS/Qdrant/Weaviate, sentence-transformers/embeddings, NDCG/MAP/MRR evaluation. Platform: open to work, India-based, notice 60d (acceptable), response 88% (excellent)."
CAND_0006418,86,0.6294,"Marginal match — Machine Learning Engineer (5.7yr total, ~5.6yr inferred AI/ML) with confirmed production ML signals in career descriptions. JD-relevant Tier-1 skills: Weaviate, Elasticsearch, Learning to Rank. Concerns: missing JD signals: NDCG/MAP/MRR evaluation, LoRA/PEFT fine-tuning, hybrid retrieval (BM25+dense). Platform: open to work, India-based, notice 60d (acceptable), response 92% (excellent)."
CAND_0052335,87,0.6286,"Marginal match — Applied ML Engineer with 6.4yr total experience and ~6.3yr inferred in ML/AI work. JD-relevant Tier-1 skills: Learning to Rank, Sentence Transformers. Concerns: missing JD signals: FAISS/Qdrant/Weaviate, LoRA/PEFT fine-tuning, hybrid retrieval (BM25+dense). Platform: open to work, non-India (Berlin, Germany), notice 60d (acceptable), response 79% (excellent)."
CAND_0077285,88,0.6284,"Marginal match — Recommendation Systems Engineer with 5.5yr experience. JD-relevant Tier-1 skills: LoRA, Pinecone, Sentence Transformers. Concerns: no major red flags. Platform: open to work, India-based, notice 60d (acceptable), response 56% (good)."
CAND_0054394,89,0.6282,"Marginal match — Recommendation Systems Engineer with 4.1yr total experience and ~4.0yr inferred in ML/AI work. JD-relevant Tier-1 skills: Fine-tuning LLMs, Pinecone. Concerns: missing JD signals: NDCG/MAP/MRR evaluation. Platform: open to work, preferred city, notice 30d (ideal), response 64% (good)."
CAND_0074225,90,0.6245,"Marginal match — Machine Learning Engineer (4.3yr total, ~4.2yr inferred AI/ML) with confirmed production ML signals in career descriptions. JD-relevant Tier-1 skills: Elasticsearch, Milvus, Qdrant. Concerns: notice period 120d (high — JD notes bar rises above 90d); missing JD signals: hybrid retrieval (BM25+dense). Platform: open to work, India-based, notice 120d (high — JD notes bar rises above 90d), response 91% (excellent)."
CAND_0061257,91,0.6242,"Marginal match — Staff Machine Learning Engineer with 8.0yr total experience and ~3.6yr inferred in ML/AI work. JD-relevant Tier-1 skills: PEFT. Concerns: missing JD signals: FAISS/Qdrant/Weaviate, sentence-transformers/embeddings. Platform: open to work, preferred city, notice 30d (ideal), response 87% (excellent)."
CAND_0099806,92,0.6226,"Marginal match — AI Engineer with 4.6yr total experience and ~4.5yr inferred in ML/AI work. JD-relevant Tier-1 skills: LoRA, RAG, FAISS. Concerns: missing JD signals: NDCG/MAP/MRR evaluation, production ML deployment, hybrid retrieval (BM25+dense). Platform: open to work, India-based, notice 30d (ideal), response 76% (excellent)."
CAND_0083879,93,0.6209,"Marginal match — Machine Learning Engineer (7.1yr total, ~7.0yr inferred AI/ML) with confirmed production ML signals in career descriptions. JD-relevant Tier-1 skills: Fine-tuning LLMs, Milvus, Sentence Transformers. Concerns: missing JD signals: FAISS/Qdrant/Weaviate, sentence-transformers/embeddings, NDCG/MAP/MRR evaluation. Platform: open to work, preferred city, notice 30d (ideal), response 47% (moderate)."
CAND_0042100,94,0.6189,"Marginal match — Machine Learning Engineer (7.3yr total, ~7.2yr inferred AI/ML) with confirmed production ML signals in career descriptions. JD-relevant Tier-1 skills: Elasticsearch, Learning to Rank, Fine-tuning LLMs. Concerns: inactive for 97d (significant staleness risk); missing JD signals: FAISS/Qdrant/Weaviate, sentence-transformers/embeddings, NDCG/MAP/MRR evaluation. Platform: open to work, non-India (Singapore, Singapore), notice 90d (workable), response 87% (excellent)."
CAND_0039983,95,0.6186,"Marginal match — Computer Vision Engineer with 6.6yr total experience and ~6.5yr inferred in ML/AI work. JD-relevant Tier-1 skills: BM25, Fine-tuning LLMs. Concerns: missing JD signals: FAISS/Qdrant/Weaviate, sentence-transformers/embeddings, production ML deployment. Platform: open to work, preferred city, notice 45d (acceptable), response 73% (good)."
CAND_0000031,96,0.6183,"Marginal match — Recommendation Systems Engineer (6.0yr total, ~4.7yr inferred AI/ML) with confirmed production ML signals in career descriptions. JD-relevant Tier-1 skills: FAISS, Pinecone, Sentence Transformers. Concerns: missing JD signals: NDCG/MAP/MRR evaluation, LoRA/PEFT fine-tuning. Platform: open to work, India-based, notice 60d (acceptable), response 91% (excellent)."
CAND_0010770,97,0.6170,"Marginal match — Recommendation Systems Engineer (15.2yr total, ~3.2yr inferred AI/ML) with confirmed production ML signals in career descriptions. JD-relevant Tier-1 skills: Qdrant, Learning to Rank, BM25. Concerns: missing JD signals: NDCG/MAP/MRR evaluation, LoRA/PEFT fine-tuning. Platform: open to work, India-based, notice 30d (ideal), response 73% (good)."
CAND_0092255,98,0.6161,"Marginal match — ML Engineer (5.2yr total, ~5.1yr inferred AI/ML) with confirmed production ML signals in career descriptions. JD-relevant Tier-1 skills: Weaviate, OpenSearch, RAG. Concerns: missing JD signals: sentence-transformers/embeddings, LoRA/PEFT fine-tuning, hybrid retrieval (BM25+dense). Platform: open to work, preferred city, notice 60d (acceptable), response 38% (moderate)."
CAND_0091534,99,0.6152,"Marginal match — AI Engineer with 16.6yr total experience and ~7.1yr inferred in ML/AI work. JD-relevant Tier-1 skills: Qdrant, Sentence Transformers, RAG. Concerns: missing JD signals: LoRA/PEFT fine-tuning. Platform: not marked open-to-work, India-based, notice 30d (ideal), response 84% (excellent)."
CAND_0076587,100,0.6148,"Marginal match — AI Specialist (4.9yr total, ~4.8yr inferred AI/ML) with confirmed production ML signals in career descriptions. JD-relevant Tier-1 skills: Weaviate, Learning to Rank, OpenSearch. Concerns: missing JD signals: LoRA/PEFT fine-tuning, hybrid retrieval (BM25+dense). Platform: open to work, India-based, notice 30d (ideal), response 46% (moderate)."
